#Data tag : 24v1 , Norm tag: None
#run:fill,time,nls,ncms,delivered(/fb),recorded(/fb)
366793:8685,04/29/23 07:36:35,93,82,0.002945114,0.002066468
366794:8685,04/29/23 08:12:10,143,125,0.007739334,0.006474109
366795:8685,04/29/23 09:07:36,106,97,0.008313999,0.007210010
366797:8685,04/29/23 09:48:33,76,68,0.006005690,0.005205688
366798:8685,04/29/23 10:17:55,136,111,0.010119018,0.008158496
366800:8685,04/29/23 11:10:40,101,94,0.003876619,0.002997280
366801:8685,04/29/23 11:49:49,436,429,0.027172543,0.024886347
366802:8685,04/29/23 14:38:53,35,22,0.001959894,0.001127331
366804:8685,04/29/23 14:52:10,156,156,0.007898514,0.007579652
366820:8686,04/29/23 18:11:16,393,388,0.026085374,0.023316040
366821:8686,04/29/23 20:43:28,974,974,0.059528725,0.055505776
366826:8690,04/30/23 08:34:54,38,4,0.000006566,0
366829:8690,04/30/23 08:49:24,252,233,0.015481946,0.012698151
366832:8690,04/30/23 10:27:18,276,258,0.022360501,0.018713744
366833:8690,04/30/23 12:14:15,630,630,0.036470771,0.033968455
366838:8691,04/30/23 18:18:32,136,130,0.008393522,0.007080369
366839:8691,04/30/23 19:10:52,15,8,0.001213391,0.000349839
366840:8691,04/30/23 19:16:26,191,184,0.015731473,0.012494614
366841:8691,04/30/23 20:30:41,259,259,0.019299882,0.017277116
366850:8692,05/01/23 00:56:16,159,159,0.010755976,0.009728465
366862:8694,05/01/23 08:51:43,3,3,0.000248052,0.000244622
366873:8695,05/01/23 11:10:41,403,377,0.062534515,0.053439441
366874:8695,05/01/23 13:46:51,587,567,0.092642350,0.086243015
366876:8695,05/01/23 17:34:52,268,268,0.033210872,0.032363014
366889:8696,05/01/23 21:56:16,1,0,0.000000059,0
366891:8696,05/01/23 22:09:49,253,249,0.040378590,0.034314729
366892:8696,05/01/23 23:47:45,12,8,0.002510141,0.000002280
366893:8696,05/01/23 23:52:21,26,11,0.005375558,0.000001186
366895:8696,05/02/23 00:02:15,1496,1496,0.221318442,0.212330423
366921:8700,05/02/23 19:23:59,81,71,0.000001891,0.000001607
366922:8700,05/02/23 19:55:18,299,299,0.000010646,0.000010547
366933:8701,05/03/23 00:51:37,1184,1184,0.220698758,0.206476426
366956:8702,05/03/23 11:39:01,8,2,0.000000162,0.000000034
366957:8702,05/03/23 11:41:35,19,12,0.000000472,0.000000251
366958:8702,05/03/23 11:48:48,158,137,0.000006138,0.000004744
366962:8702,05/03/23 12:50:07,109,109,0.000007967,0.000007880
366968:8703,05/03/23 15:47:18,28,25,0.000000799,0.000000609
366970:8703,05/03/23 15:57:53,177,127,0.000008421,0.000005196
367018:8709,05/04/23 14:05:27,16,9,0.000000337,0.000000159
367019:8709,05/04/23 14:11:32,57,4,0.000001882,0.000000030
367020:8709,05/04/23 14:33:23,23,14,0.000001067,0.000000581
367021:8709,05/04/23 14:42:06,76,70,0.000004581,0.000004102
367022:8709,05/04/23 15:11:20,23,15,0.000001702,0.000001036
367023:8709,05/04/23 15:19:56,56,53,0.000004284,0.000003813
367024:8709,05/04/23 15:41:22,12,3,0.000000541,0.000000138
367025:8709,05/04/23 15:45:43,6,6,0.000000051,0.000000050
367061:8723,05/05/23 11:14:07,1,0,0.000000012,0
367062:8723,05/05/23 11:31:16,51,44,0.002319406,0.001326936
367063:8723,05/05/23 11:50:57,21,15,0.001082013,0.000644662
367064:8723,05/05/23 11:58:53,490,485,0.037637091,0.032530731
367065:8723,05/05/23 15:09:07,269,269,0.019104054,0.017200157
367069:8724,05/05/23 20:38:50,1,0,0.000000079,0.000000077
367070:8724,05/05/23 20:51:51,396,389,0.066893301,0.054515726
367071:8724,05/05/23 23:25:13,41,34,0.008336551,0.004994981
367072:8724,05/05/23 23:40:54,86,75,0.017349508,0.012259030
367079:8725,05/06/23 03:46:40,733,733,0.133931536,0.124490272
367094:8728,05/06/23 11:16:43,33,15,0.004517035,0.001780834
367095:8728,05/06/23 11:29:01,565,565,0.120084646,0.113178093
367099:8729,05/06/23 17:52:13,1,0,0.000000059,0
367100:8729,05/06/23 18:04:58,365,358,0.074423517,0.068505170
367101:8729,05/06/23 20:26:24,7,1,0.001567850,0.000003362
367102:8729,05/06/23 20:28:47,86,75,0.019332920,0.015601245
367103:8729,05/06/23 21:02:02,76,65,0.017171217,0.013260943
367104:8729,05/06/23 21:31:29,1083,1083,0.196323563,0.188198982
367111:8730,05/07/23 07:17:07,316,307,0.061548060,0.055192711
367112:8730,05/07/23 09:19:35,1446,1446,0.263117023,0.251258837
367127:8731,05/07/23 20:38:57,350,343,0.106507446,0.096925096
367128:8731,05/07/23 22:54:19,20,15,0.007110763,0.003487016
367129:8731,05/07/23 23:01:53,10,6,0.003478900,0.001113448
367130:8731,05/07/23 23:05:47,172,167,0.050974865,0.044960874
367131:8731,05/08/23 00:12:33,152,149,0.041616741,0.038888730
367132:8731,05/08/23 01:11:22,4,1,0.001230525,0.000021050
367133:8731,05/08/23 01:12:45,360,333,0.104622628,0.082013085
367134:8731,05/08/23 03:32:16,86,86,0.025215200,0.024200036
367228:8736,05/08/23 21:41:20,270,265,0.067972980,0.060830945
367229:8736,05/08/23 23:25:47,50,45,0.017578586,0.013583784
367230:8736,05/08/23 23:44:56,10,4,0.003478346,0.000405803
367231:8736,05/08/23 23:48:31,29,22,0.010283184,0.007114809
367232:8736,05/08/23 23:59:29,1000,996,0.333665553,0.318274678
367233:8736,05/09/23 06:27:56,14,3,0.004069974,0
367234:8736,05/09/23 06:33:07,572,572,0.149509793,0.143950627
367260:8738,05/09/23 15:59:58,223,218,0.062427038,0.053799410
367261:8738,05/09/23 17:26:06,16,10,0.005623512,0.000004965
367262:8738,05/09/23 17:32:02,280,272,0.098823482,0.088310593
367263:8738,05/09/23 19:20:28,28,21,0.009729568,0.004360347
367264:8738,05/09/23 19:31:14,855,855,0.236449998,0.225065304
367267:8739,05/10/23 03:32:48,299,291,0.072110466,0.064739724
367268:8739,05/10/23 05:28:21,14,5,0.004889447,0.000000578
367269:8739,05/10/23 05:33:29,40,33,0.014079171,0.009763718
367270:8739,05/10/23 05:48:55,977,962,0.298833217,0.279714689
367271:8739,05/10/23 12:08:09,142,142,0.032401671,0.030880860
367312:8741,05/10/23 19:18:30,249,231,0.054329780,0.045295931
367314:8741,05/10/23 20:54:59,43,36,0.015519171,0.009162757
367315:8741,05/10/23 21:11:42,894,894,0.264667822,0.253307967
367334:8746,05/11/23 09:33:27,329,318,0.101581259,0.089109767
367336:8746,05/11/23 11:40:57,177,169,0.071282301,0.064917072
367337:8746,05/11/23 12:49:41,1067,1067,0.308155084,0.296279824
367352:8749,05/11/23 23:21:32,1,1,0.000076646,0.000076342
367355:8750,05/12/23 01:23:44,23,23,0.004536594,0.004256805
367406:8754,05/12/23 14:30:44,507,501,0.195154368,0.177531097
367413:8754,05/12/23 17:47:13,1403,1367,0.478954620,0.443878059
367415:8754,05/13/23 02:52:02,126,120,0.029604119,0.027330330
367416:8754,05/13/23 03:40:55,62,62,0.013942959,0.013127244
367475:8771,05/14/23 10:27:27,598,594,0.251466690,0.228638162
367476:8771,05/14/23 14:19:39,10,5,0.004505981,0.000006369
367477:8771,05/14/23 14:23:21,1307,1307,0.417828440,0.401407715
367513:8773,05/15/23 05:21:23,1,0,0.000000261,0
367515:8773,05/15/23 05:32:20,660,640,0.266956966,0.239335448
367516:8773,05/15/23 09:48:43,1243,1243,0.440491395,0.415930951
367551:8775,05/15/23 22:02:55,1,0,0.000000245,0
367552:8775,05/15/23 22:13:58,36,31,0.005387814,0.004308219
367553:8775,05/15/23 22:27:38,650,645,0.281403789,0.264221297
367554:8775,05/16/23 02:39:52,313,313,0.131728335,0.124710768
367581:8778,05/16/23 11:30:16,1,0,0,0
367587:8778,05/16/23 12:39:33,9,0,0.000001266,0
367589:8778,05/16/23 12:42:58,786,738,0.000373358,0.000329550
367591:8778,05/16/23 17:48:01,43,37,0.000033737,0.000027219
367592:8778,05/16/23 18:04:41,22,17,0.000017083,0.000010707
367593:8778,05/16/23 18:13:14,100,100,0.000071905,0.000069609
367613:8782,05/17/23 02:28:57,1,0,0.000000202,0.000000198
367615:8782,05/17/23 02:41:13,497,492,0.197948045,0.182022378
367616:8782,05/17/23 05:54:07,11,7,0.005043981,0.000006144
367617:8782,05/17/23 05:58:06,17,11,0.007706537,0.000023383
367618:8782,05/17/23 06:04:32,349,341,0.154136321,0.138337175
367619:8782,05/17/23 08:19:46,584,584,0.189434928,0.182395699
367659:8784,05/17/23 22:02:34,8,0,0.000001813,0.000000013
367661:8784,05/17/23 22:05:41,372,366,0.121018440,0.110490331
367662:8784,05/18/23 00:29:53,23,19,0.010260044,0.007566316
367663:8784,05/18/23 00:38:47,24,5,0.010564943,0.000554090
367664:8784,05/18/23 00:47:59,9,3,0.003944812,0.000000284
367665:8784,05/18/23 00:51:18,280,271,0.124995979,0.112003470
367666:8784,05/18/23 02:39:54,103,103,0.038750875,0.034189282
367690:8786,05/18/23 12:25:07,8,0,0.000001462,0
367691:8786,05/18/23 12:28:13,221,213,0.058597398,0.045839260
367692:8786,05/18/23 13:53:43,14,5,0.006338494,0.000000445
367693:8786,05/18/23 13:58:59,47,35,0.021081745,0.014199149
367694:8786,05/18/23 14:17:01,29,24,0.013265027,0.000001188
367695:8786,05/18/23 14:28:10,9,2,0.004069250,0.000066586
367696:8786,05/18/23 14:31:37,1929,1921,0.659356415,0.624369310
367697:8786,05/19/23 03:01:02,36,17,0.007981845,0.001086766
367699:8786,05/19/23 03:14:54,158,158,0.031041339,0.030062504
367728:8794,05/19/23 17:16:58,13,0,0.000000319,0
367730:8794,05/19/23 17:22:02,569,569,0.208715386,0.194533596
367742:8796,05/20/23 03:10:19,423,423,0.164131172,0.156514107
367756:8804,05/21/23 03:24:06,10,0,0.000000168,0
367758:8804,05/21/23 03:27:49,768,768,0.293647082,0.279080733
367767:8807,05/21/23 14:21:46,1,0,0.000000282,0
367770:8807,05/21/23 14:35:43,167,163,0.051630353,0.046210830
367771:8807,05/21/23 15:40:12,96,91,0.045278802,0.040266491
367772:8807,05/21/23 16:17:10,7,7,0.003196432,0.002567990
367788:8811,05/22/23 02:36:35,8,0,0.000000147,0
367789:8811,05/22/23 02:39:41,43,36,0.003573155,0.001674962
367790:8811,05/22/23 02:56:11,161,161,0.053500412,0.049860406
367830:8816,05/22/23 17:35:18,9,0,0.000000172,0
367831:8816,05/22/23 17:38:27,505,505,0.195766492,0.185559319
367836:8817,05/23/23 00:01:47,557,554,0.236406249,0.222907868
367837:8817,05/23/23 03:37:52,7,2,0.003259182,0.000006488
367838:8817,05/23/23 03:40:32,803,793,0.341861244,0.322013794
367840:8817,05/23/23 08:52:14,617,617,0.184133144,0.176425196
367879:8821,05/23/23 23:18:03,12,0,0.000000249,0
367880:8821,05/23/23 23:22:21,28,25,0.000000569,0.000000421
367881:8821,05/23/23 23:33:06,161,153,0.057330844,0.050346783
367882:8821,05/24/23 00:35:25,14,5,0.006757407,0.000000060
367883:8821,05/24/23 00:40:39,1059,1050,0.497333229,0.467494630
367884:8821,05/24/23 07:31:56,1019,1019,0.329464914,0.317132716
367902:8822,05/24/23 17:27:55,253,245,0.098851897,0.089071255
367903:8822,05/24/23 19:06:13,5,2,0.002415667,0.000007835
367904:8822,05/24/23 19:07:59,112,103,0.053848945,0.044639218
367905:8822,05/24/23 19:51:09,63,49,0.030270341,0.021327874
367906:8822,05/24/23 20:15:19,351,344,0.168779046,0.151127095
367907:8822,05/24/23 22:31:39,127,120,0.060818742,0.051121005
367908:8822,05/24/23 23:20:48,361,358,0.154205879,0.143386752
367909:8822,05/25/23 01:41:02,9,2,0.003450582,0.000005620
367910:8822,05/25/23 01:44:16,594,594,0.198072793,0.191263466
368120:8842,05/29/23 22:14:16,11,0,0.000003890,0
368121:8842,05/29/23 22:18:25,41,41,0.000016817,0.000016664
368221:8850,05/30/23 17:01:42,1,0,0.000000012,0
368223:8850,05/30/23 17:12:25,490,486,0.054139561,0.046262203
368224:8850,05/30/23 20:22:22,63,63,0.007674683,0.007035724
368229:8853,05/31/23 00:05:21,552,552,0.101305157,0.096309933
368318:8858,06/01/23 13:03:30,300,295,0.070143107,0.064742814
368320:8858,06/01/23 14:59:30,289,286,0.082301694,0.078054406
368321:8858,06/01/23 16:51:29,345,344,0.084087277,0.079976929
368331:8860,06/01/23 21:56:28,64,60,0.008004307,0.006593013
368332:8860,06/01/23 22:20:51,20,17,0.003458996,0.002382531
368333:8860,06/01/23 22:28:24,28,25,0.005523705,0.004056703
368334:8860,06/01/23 22:39:12,22,7,0.004683634,0.000853677
368336:8860,06/01/23 22:47:24,222,214,0.072163573,0.057514800
368337:8860,06/02/23 00:13:35,24,17,0.008425561,0.000000734
368338:8860,06/02/23 00:22:40,18,9,0.006386761,0.000000212
368339:8860,06/02/23 00:29:19,14,5,0.004930240,0.000063471
368340:8860,06/02/23 00:34:40,20,16,0.006933393,0.000087460
368341:8860,06/02/23 00:42:23,39,33,0.013191413,0.010333397
368343:8860,06/02/23 00:57:27,1139,1139,0.282982865,0.270438084
368382:8863,06/02/23 15:57:31,787,781,0.226680063,0.213189030
368383:8863,06/02/23 21:02:54,33,26,0.009158192,0.006475893
368384:8863,06/02/23 21:15:40,45,45,0.012152629,0.011476089
368388:8865,06/03/23 00:17:41,1450,1446,0.380182533,0.361357860
368389:8865,06/03/23 09:40:43,202,202,0.036256491,0.034842474
368400:8866,06/03/23 12:45:28,246,246,0.070955160,0.066919644
368409:8870,06/03/23 23:30:10,1,0,0.000000108,0.000000049
368410:8870,06/03/23 23:40:24,1492,1488,0.447445500,0.424378972
368411:8870,06/04/23 09:19:53,14,7,0.003072396,0.001331739
368412:8870,06/04/23 09:25:10,102,102,0.020256204,0.019204216
368423:8872,06/04/23 14:09:54,487,487,0.202096840,0.192552112
368429:8873,06/04/23 19:19:50,47,0,0.009252237,0
368437:8873,06/04/23 19:37:44,37,6,0.010554492,0.001314371
368440:8873,06/04/23 19:51:48,358,352,0.164042956,0.144204923
368442:8873,06/04/23 22:10:52,5,3,0.002406470,0.000005853
368443:8873,06/04/23 22:12:47,170,73,0.079366251,0.033516967
368451:8873,06/04/23 23:18:32,154,145,0.065706705,0.056783796
368452:8873,06/05/23 00:18:15,12,3,0.004847586,0.000172674
368453:8873,06/05/23 00:22:36,11,6,0.004420238,0.000300454
368454:8873,06/05/23 00:26:43,1174,1174,0.345406866,0.331307161
368489:8877,06/05/23 13:00:42,1564,1563,0.546045258,0.523780030
368542:8880,06/06/23 03:43:10,51,41,0.009488289,0.006734541
368546:8880,06/06/23 04:02:45,666,659,0.299913343,0.276815624
368547:8880,06/06/23 08:21:16,723,702,0.262800398,0.235677174
368548:8880,06/06/23 13:02:11,1051,1051,0.249808534,0.240519875
368563:8882,06/06/23 22:15:28,17,2,0.000002438,0.000000202
368565:8882,06/06/23 22:21:44,42,34,0.003582429,0.001147694
368566:8882,06/06/23 22:37:56,1201,1195,0.501223128,0.471112732
368567:8882,06/07/23 06:24:21,440,440,0.130979311,0.125235808
368608:8885,06/08/23 00:09:40,10,0,0.000001341,0
368609:8885,06/08/23 00:13:15,1067,1061,0.431038495,0.409258461
368610:8885,06/08/23 07:07:43,6,2,0.002115820,0.000005282
368611:8885,06/08/23 07:09:42,415,410,0.131011369,0.124488087
368612:8885,06/08/23 09:50:54,13,7,0.003657222,0.001757696
368613:8885,06/08/23 09:55:55,268,268,0.070205223,0.067605700
368636:8887,06/08/23 21:24:44,789,789,0.329338105,0.314392054
368668:8891,06/09/23 12:50:48,11,0,0.000001869,0
368669:8891,06/09/23 12:54:44,416,410,0.168822896,0.157505610
368670:8891,06/09/23 15:36:19,315,308,0.145583632,0.112801902
368671:8891,06/09/23 17:38:43,4,1,0.001772912,0.000010199
368672:8891,06/09/23 17:40:15,937,933,0.318303913,0.303994521
368673:8891,06/09/23 23:44:02,118,11,0.029902141,0.002476428
368674:8891,06/10/23 00:29:40,17,11,0.004195117,0.002358529
368675:8891,06/10/23 00:36:10,57,50,0.013746889,0.010842276
368676:8891,06/10/23 00:58:18,165,156,0.037827718,0.034363437
368678:8891,06/10/23 02:02:09,174,174,0.037037273,0.035672310
368684:8894,06/10/23 07:08:02,119,110,0.033659338,0.027021857
368685:8894,06/10/23 07:53:33,1481,1481,0.580596667,0.556412262
368723:8895,06/10/23 23:57:57,168,162,0.052260613,0.043114978
368724:8895,06/11/23 01:02:33,1201,1201,0.518676266,0.493084860
368746:8896,06/11/23 11:22:55,66,50,0.016344113,0.010559679
368748:8896,06/11/23 11:47:58,12,6,0.004182717,0.000000347
368749:8896,06/11/23 11:52:38,178,170,0.080688364,0.071292651
368750:8896,06/11/23 13:01:44,6,2,0.002806631,0.000000075
368751:8896,06/11/23 13:03:48,10,3,0.004661680,0.000036949
368752:8896,06/11/23 13:07:25,8,3,0.003712251,0.000000499
368753:8896,06/11/23 13:10:11,977,977,0.426361923,0.405977587
368762:8896,06/11/23 22:32:53,219,209,0.081536334,0.071323170
368763:8896,06/11/23 23:57:18,12,4,0.005668576,0.000040072
368764:8896,06/12/23 00:01:58,15,4,0.007028513,0.000730713
368765:8896,06/12/23 00:07:45,1386,1386,0.553677409,0.531150660
368822:8901,06/13/23 02:22:26,968,963,0.418001270,0.395461986
368823:8901,06/13/23 08:38:00,61,61,0.024542979,0.021009218
369005:8957,06/17/23 00:58:39,695,0,0.005398875,0
369047:8961,06/17/23 13:39:30,277,269,0.000000034,0.000000033
369048:8961,06/17/23 15:26:52,471,61,0.000000055,0.000000007
369554:8981,06/25/23 00:39:27,20,0,0,0
369556:8981,06/25/23 00:46:54,220,220,0.000000129,0.000000127
369558:8982,06/25/23 03:39:41,12,0,0,0
369560:8982,06/25/23 03:44:16,208,208,0.000000008,0.000000008
369568:8984,06/25/23 07:58:36,24,4,0.000000001,0
369570:8984,06/25/23 08:07:21,34,24,0.000000002,0
369571:8984,06/25/23 08:20:29,44,33,0.000000015,0.000000006
369572:8984,06/25/23 08:37:16,61,54,0.000000047,0.000000041
369573:8984,06/25/23 09:00:43,98,93,0.000000073,0.000000068
369574:8984,06/25/23 09:38:47,44,40,0.000000032,0.000000028
369575:8984,06/25/23 09:55:45,40,34,0.000000029,0.000000023
369576:8984,06/25/23 10:11:13,47,44,0.000000031,0.000000028
369577:8984,06/25/23 10:29:14,42,36,0.000000027,0.000000023
369578:8984,06/25/23 10:45:14,67,48,0.000000043,0.000000030
369579:8984,06/25/23 11:11:08,13,9,0.000000008,0
369580:8984,06/25/23 11:15:50,84,79,0.000000054,0.000000032
369581:8984,06/25/23 11:48:23,50,45,0.000000032,0.000000027
369582:8984,06/25/23 12:07:37,83,76,0.000000052,0.000000047
369583:8984,06/25/23 12:39:30,51,45,0.000000032,0.000000028
369584:8984,06/25/23 12:59:03,42,39,0.000000026,0.000000023
369585:8984,06/25/23 13:15:12,135,127,0.000000083,0.000000076
369586:8984,06/25/23 14:07:31,25,6,0.000000015,0
369587:8984,06/25/23 14:17:10,53,6,0.000000032,0.000000003
369588:8984,06/25/23 14:37:42,11,2,0.000000007,0
369589:8984,06/25/23 14:41:50,13,3,0.000000008,0
369590:8984,06/25/23 14:46:50,23,3,0.000000014,0
369591:8984,06/25/23 14:55:38,350,341,0.000000214,0.000000208
369592:8984,06/25/23 17:11:21,54,46,0.000000033,0.000000028
369593:8984,06/25/23 17:32:18,32,26,0.000000020,0.000000016
369594:8984,06/25/23 17:44:40,17,13,0.000000011,0.000000008
369595:8984,06/25/23 17:51:03,21,10,0.000000013,0.000000006
369596:8984,06/25/23 17:58:53,520,518,0.000000326,0.000000325
369605:8985,06/25/23 23:21:35,8,0,0,0
369606:8985,06/25/23 23:24:29,108,108,0,0
369684:8989,06/26/23 17:04:43,81,78,0.000003701,0.000003468
369687:8989,06/26/23 17:35:49,621,621,0.000018125,0.000017943
369693:8990,06/26/23 23:25:30,7,0,0,0
369694:8990,06/26/23 23:28:04,321,321,0.000011471,0.000011363
369792:8997,06/28/23 10:16:10,20,0,0.000000006,0
369794:8997,06/28/23 10:23:34,953,945,0.000203346,0.000198149
369795:8997,06/28/23 16:33:36,62,16,0.000013327,0.000002946
369797:8997,06/28/23 17:03:06,40,40,0.000003489,0.000003425
369802:8999,06/28/23 20:02:02,3506,3506,0.000607357,0.000596301
369844:9003,06/30/23 04:10:22,83,83,0.000001200,0.000001187
369852:9004,06/30/23 06:29:14,1,0,0,0
369854:9004,06/30/23 06:33:13,3,3,0,0
369867:9007,06/30/23 11:10:21,52,40,0.000740264,0.000526538
369869:9007,06/30/23 11:30:20,439,430,0.006037191,0.005877320
369870:9007,06/30/23 14:20:32,290,278,0.007262573,0.006836830
369872:9007,06/30/23 16:13:05,419,412,0.008612984,0.008223039
369873:9007,06/30/23 18:55:44,197,197,0.005439231,0.005230959
369901:9014,07/01/23 07:06:01,22,22,0.000321753,0.000310468
369910:9015,07/01/23 08:57:34,1,0,0.000000002,0.000000002
369911:9015,07/01/23 09:15:54,7,7,0.000098258,0.000094994
369927:9016,07/01/23 12:22:55,358,358,0.003353792,0.003284921
369937:9017,07/01/23 16:41:13,142,135,0.006888573,0.006225112
369938:9017,07/01/23 17:36:03,185,162,0.014293932,0.011645420
369941:9017,07/01/23 18:47:40,12,4,0.000921973,0.000000113
369942:9017,07/01/23 18:51:59,103,94,0.008080061,0.007216336
369943:9017,07/01/23 19:31:56,391,391,0.030126450,0.029361016
369951:9018,07/01/23 23:39:32,219,219,0.000015370,0.000015277
369956:9019,07/02/23 03:19:26,1059,1059,0.091748685,0.089213376
369978:9022,07/02/23 16:18:12,799,799,0.173922558,0.167130329
369994:9023,07/02/23 23:52:42,100,80,0.016899247,0.012131290
369998:9023,07/03/23 00:31:00,185,179,0.061360684,0.054461765
369999:9023,07/03/23 01:42:37,48,41,0.018928437,0.014624214
370000:9023,07/03/23 02:01:15,224,224,0.065453850,0.063313829
370091:9029,07/03/23 23:25:40,65,55,0.015486905,0.012062877
370092:9029,07/03/23 23:50:16,6,3,0.001436547,0.000089991
370093:9029,07/03/23 23:52:20,461,450,0.161616756,0.149639451
370094:9029,07/04/23 02:51:17,8,3,0.003578488,0.000007856
370095:9029,07/04/23 02:54:18,353,347,0.101951383,0.095784461
370096:9029,07/04/23 05:11:10,9,3,0.003681222,0.000780126
370097:9029,07/04/23 05:14:27,374,356,0.140284807,0.126885873
370100:9029,07/04/23 07:39:36,10,3,0.003344738,0.000000674
370101:9029,07/04/23 07:43:25,13,5,0.004308261,0.000000280
370102:9029,07/04/23 07:48:16,767,765,0.209434845,0.201069926
370129:9031,07/04/23 16:51:55,693,584,0.292265608,0.229335577
370141:9031,07/04/23 21:21:03,12,9,0.005192691,0.000000005
370142:9031,07/04/23 21:25:42,15,8,0.006429243,0.000000007
370143:9031,07/04/23 21:31:12,13,4,0.005530758,0
370144:9031,07/04/23 21:36:04,1335,1335,0.400300402,0.385556469
370169:9035,07/05/23 11:00:26,1426,1418,0.564893497,0.530374070
370170:9035,07/05/23 20:18:51,24,16,0.007084350,0
370171:9035,07/05/23 20:28:02,40,40,0.011663088,0.000001857
370172:9035,07/05/23 21:11:03,297,297,0.077578752,0.074325027
370175:9036,07/06/23 01:14:03,1814,1757,0.737811876,0.687282748
370186:9036,07/06/23 12:58:37,12,5,0.003402394,0.000000058
370187:9036,07/06/23 13:03:13,9,5,0.002544319,0.000024081
370188:9036,07/06/23 13:06:28,11,8,0.003099666,0.000006685
370189:9036,07/06/23 13:10:44,5,2,0.001401966,0.000000054
370190:9036,07/06/23 13:12:36,10,3,0.002767421,0.000008146
370192:9036,07/06/23 13:16:20,30,7,0.008226453,0.000166271
370195:9036,07/06/23 13:27:39,15,7,0.004080027,0.000000090
370196:9036,07/06/23 13:33:14,98,90,0.026068742,0.020751050
370197:9036,07/06/23 14:11:17,6,6,0.001556034,0.001408270
370292:9043,07/07/23 10:55:04,1,0,0.000000150,0
370293:9043,07/07/23 11:06:26,1597,1589,0.677474598,0.642650873
370294:9043,07/07/23 21:26:41,681,681,0.182047776,0.175120770
370299:9044,07/08/23 03:58:47,26,21,0.006531783,0.002297358
370300:9044,07/08/23 04:08:21,1028,993,0.465171881,0.421317834
370302:9044,07/08/23 10:47:35,8,3,0.003317642,0.000006260
370304:9044,07/08/23 10:50:37,344,328,0.130285151,0.118428209
370307:9044,07/08/23 13:04:05,716,716,0.209050040,0.201406564
370321:9045,07/08/23 19:36:01,116,33,0.035021777,0.005108593
370332:9045,07/08/23 20:20:37,1977,1977,0.743496555,0.707062222
370339:9046,07/09/23 10:48:15,1,0,0.000000161,0
370340:9046,07/09/23 10:54:07,765,765,0.349256229,0.330728729
370354:9049,07/09/23 19:03:55,406,399,0.174947834,0.153647653
370355:9049,07/09/23 21:41:14,125,92,0.060597680,0.041426790
370357:9049,07/09/23 22:29:46,802,802,0.331197608,0.317936480
370405:9050,07/10/23 12:13:32,4,1,0.000000785,0
370406:9050,07/10/23 12:15:32,855,848,0.374557802,0.351030812
370436:9050,07/10/23 17:55:30,27,27,0.011461258,0.010640976
370458:9055,07/11/23 03:15:34,6,0,0.001506797,0
370460:9055,07/11/23 03:17:35,113,113,0.035577496,0.034234878
370471:9056,07/11/23 07:16:46,15,8,0.003252911,0.000824558
370472:9056,07/11/23 07:22:18,43,43,0.010052976,0.009780860
370496:9057,07/11/23 09:34:36,11,3,0.002480279,0.000365880
370497:9057,07/11/23 09:38:33,1439,1439,0.597782654,0.569346566
370520:9059,07/11/23 23:34:13,9,0,0.000001352,0
370522:9059,07/11/23 23:37:38,380,376,0.140354195,0.133858138
370527:9061,07/12/23 07:13:28,1,0,0.000000162,0
370560:9062,07/12/23 12:29:40,371,371,0.156710812,0.149866572
370579:9063,07/12/23 17:34:52,110,104,0.032609905,0.026706539
370580:9063,07/12/23 18:17:16,2983,2875,0.963213125,0.901271624
370654:9065,07/14/23 04:15:30,206,205,0.000023537,0.000023289
370664:9066,07/14/23 07:35:50,67,59,0.011400032,0.007553286
370665:9066,07/14/23 08:01:37,14,6,0.004106385,0.001589138
370666:9066,07/14/23 08:06:51,10,3,0.003108291,0.000015249
370667:9066,07/14/23 08:10:37,103,103,0.040341593,0.037478402
370717:9067,07/15/23 01:05:56,132,132,0.040691312,0.038988424
370725:9068,07/15/23 05:08:38,434,434,0.187115044,0.175959962
370749:9070,07/15/23 17:13:09,1522,1515,0.657055708,0.622040461
370750:9070,07/16/23 03:04:09,9,4,0.002978491,0.000001713
370751:9070,07/16/23 03:07:33,13,8,0.004268407,0.000001577
370752:9070,07/16/23 03:12:25,17,10,0.005553897,0.000003661
370753:9070,07/16/23 03:18:42,250,250,0.076265591,0.073556294
370770:9072,07/16/23 07:48:45,1,0,0.000000149,0.000000132
370772:9072,07/16/23 07:54:49,1269,1258,0.578854461,0.544762762
370774:9072,07/16/23 16:07:33,165,159,0.062035195,0.055099322
370775:9072,07/16/23 17:11:40,175,168,0.059815618,0.053367698
370776:9072,07/16/23 18:19:32,332,332,0.099585875,0.095448445
370790:9073,07/16/23 22:46:09,37,37,0.006454760,0.004544403
372486:9084,08/31/23 05:47:45,7,0,0.000000002,0
372488:9084,08/31/23 05:50:22,34,14,0.000000008,0.000000003
372489:9084,08/31/23 06:03:24,13,5,0.000000333,0.000000001
372490:9084,08/31/23 06:08:17,177,171,0.000010039,0.000009557
372491:9084,08/31/23 07:16:57,20,4,0.000001290,0.000000073
372493:9084,08/31/23 07:24:29,42,5,0.000003383,0.000000085
372568:9089,08/31/23 21:24:34,8,0,0,0
372571:9089,08/31/23 21:27:28,73,68,0,0
372572:9089,08/31/23 21:55:29,358,358,0.000000214,0.000000212
372585:9094,09/01/23 06:30:30,10,0,0.000000005,0
372587:9094,09/01/23 06:34:18,9,6,0.000000005,0.000000001
372588:9094,09/01/23 06:37:49,56,56,0.000000028,0.000000028
372591:9095,09/01/23 08:38:37,18,2,0.000000068,0.000000005
372594:9095,09/01/23 08:45:15,84,84,0.000000278,0.000000268
372657:9102,09/02/23 17:11:29,7,0,0,0
372658:9102,09/02/23 17:13:55,706,706,0.000002963,0.000002932
372710:9107,09/03/23 19:02:54,6,0,0.000000008,0.000000007
372711:9107,09/03/23 19:05:12,176,176,0.000000716,0.000000708
372713:9108,09/03/23 21:34:01,10,0,0,0
372715:9108,09/03/23 21:37:47,389,389,0.000002387,0.000002362
372720:9110,09/04/23 02:20:44,7,0,0,0
372721:9110,09/04/23 02:23:15,293,293,0.000001811,0.000001799
372723:9112,09/04/23 06:42:33,13,0,0,0
372725:9112,09/04/23 06:47:22,140,140,0.000000158,0.000000156
372748:9113,09/04/23 10:09:32,28,13,0,0
372749:9113,09/04/23 10:19:59,142,104,0.000006212,0.000001768
372750:9113,09/04/23 11:14:44,18,3,0.000002248,0
372751:9113,09/04/23 11:21:22,71,60,0.000001358,0.000001344
372752:9113,09/04/23 11:48:50,267,267,0.000000333,0.000000330
372760:9115,09/04/23 16:23:14,7,0,0,0
372761:9115,09/04/23 16:25:52,72,72,0.000000005,0.000000005
372763:9117,09/05/23 00:21:48,6,0,0,0
372764:9117,09/05/23 00:24:05,796,779,0.000000852,0.000000842
372765:9117,09/05/23 05:33:07,64,55,0.000000003,0.000000003
372766:9117,09/05/23 05:57:39,15,6,0,0
372767:9117,09/05/23 06:03:22,74,73,0.000000004,0.000000004
372768:9117,09/05/23 06:32:08,292,282,0.000000009,0.000000008
372769:9117,09/05/23 08:25:16,7,7,0,0
372770:9117,09/05/23 08:27:46,93,76,0.000000012,0.000000004
372772:9117,09/05/23 09:03:45,45,43,0.000000011,0.000000011
372773:9117,09/05/23 09:21:09,60,57,0.000000002,0.000000002
372775:9117,09/05/23 09:44:24,49,49,0.000000011,0.000000011
372795:9120,09/05/23 12:13:25,10,0,0,0
372797:9120,09/05/23 12:17:14,93,88,0.000000060,0.000000038
372798:9120,09/05/23 12:53:18,103,84,0.000000116,0.000000112
372799:9120,09/05/23 13:33:15,55,45,0.000000425,0.000000421
372800:9121,09/05/23 15:58:41,236,236,0.000000114,0.000000113
372812:9122,09/05/23 19:22:00,7,0,0,0
372912:9122,09/05/23 19:24:27,263,263,0.000000260,0.000000260
372916:9123,09/05/23 23:05:08,7,0,0,0
372917:9123,09/05/23 23:07:46,431,431,0.000000168,0.000000168
372919:9124,09/06/23 03:24:52,24,3,0,0
372921:9124,09/06/23 03:33:47,304,304,0.000000450,0.000000440
373058:9128,09/07/23 13:47:27,9,0,0.000000001,0
373060:9128,09/07/23 13:50:48,519,509,0.000035409,0.000034388
373061:9128,09/07/23 17:12:15,1397,1397,0.000108708,0.000107991
373066:9130,09/08/23 07:18:48,6,0,0,0
373067:9130,09/08/23 07:20:45,187,186,0.000000007,0.000000007
373068:9130,09/08/23 08:33:03,72,66,0.000000002,0.000000002
373069:9130,09/08/23 09:00:49,259,258,0.000000017,0.000000017
373072:9130,09/08/23 10:41:25,230,230,0.000000006,0.000000006
373079:9131,09/08/23 13:59:36,6,0,0,0
373081:9131,09/08/23 14:03:41,84,82,0.000000001,0.000000001
373082:9131,09/08/23 14:54:54,518,344,0.000000029,0.000000011
373086:9131,09/08/23 18:15:52,6,4,0,0
373087:9131,09/08/23 18:18:13,7,4,0,0
373088:9131,09/08/23 18:20:54,1552,1552,0.000000017,0.000000017
373090:9132,09/09/23 08:37:11,9,2,0,0
373091:9132,09/09/23 08:41:56,7,2,0,0
373092:9132,09/09/23 08:46:55,493,486,0.000000060,0.000000059
373097:9132,09/09/23 12:13:04,408,405,0.000000088,0.000000076
373131:9132,09/09/23 14:51:35,60,58,0.000000003,0.000000003
373132:9132,09/09/23 15:14:53,1449,1061,0.000007741,0.000000062
373134:9135,09/10/23 05:09:39,14,5,0,0
373135:9135,09/10/23 05:14:35,870,867,0.000000058,0.000000057
373136:9135,09/10/23 10:52:27,8,5,0,0
373137:9135,09/10/23 10:55:29,48,34,0.000000004,0.000000002
373139:9135,09/10/23 11:14:07,10,8,0.000000001,0
373140:9135,09/10/23 11:17:38,11,8,0.000000001,0
373141:9135,09/10/23 11:21:34,286,269,0.000000007,0.000000007
373142:9136,09/10/23 18:11:37,1080,1080,0.000000058,0.000000058
373208:9138,09/11/23 07:16:43,5,0,0,0
373209:9138,09/11/23 07:18:23,908,907,0.000000044,0.000000044
373478:9153,09/14/23 20:33:29,5,0,0,0
373480:9153,09/14/23 20:35:22,1415,1406,0.000000064,0.000000064
373534:9154,09/15/23 14:19:06,5,0,0,0
373536:9154,09/15/23 14:20:52,2266,2264,0.000000086,0.000000085
373538:9154,09/16/23 05:00:57,514,514,0.000000007,0.000000007
373563:9156,09/16/23 19:40:44,5,0,0,0
373564:9156,09/16/23 19:42:32,1755,1754,0.000000061,0.000000061
373565:9156,09/17/23 07:04:10,17,3,0,0
373574:9159,09/17/23 13:32:32,8,0,0,0
373576:9159,09/17/23 13:35:19,1993,1992,0.000000100,0.000000100
373577:9159,09/18/23 02:30:07,383,363,0.000000005,0.000000005
373578:9161,09/18/23 09:14:35,14,4,0,0
373580:9161,09/18/23 09:19:25,8,3,0,0
373581:9161,09/18/23 09:22:13,375,375,0.000000026,0.000000026
373609:9162,09/18/23 22:50:22,3,0,0,0
373612:9162,09/18/23 22:51:04,11,6,0,0
373615:9162,09/18/23 22:55:14,1413,1413,0.000000064,0.000000064
373662:9164,09/19/23 18:33:48,7,0,0,0
373664:9164,09/19/23 18:36:25,96,96,0.000000331,0.000000327
373705:9168,09/19/23 23:22:58,38,0,0.000012080,0
373710:9168,09/19/23 23:37:32,1006,1006,0.000427024,0.000422304
#Summary:
#nfill,nrun,nls,ncms,totdelivered(/fb),totrecorded(/fb)
#142,508,145145,139570,32.553521774,29.948718288
